{
  "macro_f1": 0.5117253747284707,
  "macro_precision": 0.5238841589267286,
  "macro_recall": 0.5071511870238823,
  "micro_f1": 0.6774193548387096,
  "per_class": {
    "0": {
      "precision": 0.8421052631578947,
      "recall": 0.9552238805970149,
      "f1": 0.8951048951048951
    },
    "1": {
      "precision": 0.375,
      "recall": 0.2727272727272727,
      "f1": 0.3157894736842105
    },
    "2": {
      "precision": 0.4666666666666667,
      "recall": 0.3888888888888889,
      "f1": 0.42424242424242425
    },
    "3": {
      "precision": 0.4117647058823529,
      "recall": 0.4117647058823529,
      "f1": 0.4117647058823529
    }
  },
  "confusion_matrix": [
    [
      64,
      3,
      0,
      0
    ],
    [
      6,
      6,
      6,
      4
    ],
    [
      3,
      2,
      7,
      6
    ],
    [
      3,
      5,
      2,
      7
    ]
  ]
}