{
  "macro_f1": 0.7215294194904124,
  "macro_precision": 0.7246179981891667,
  "macro_recall": 0.7193079981133347,
  "micro_f1": 0.7249357326478149,
  "per_class": {
    "0": {
      "precision": 0.7926829268292683,
      "recall": 0.8333333333333334,
      "f1": 0.8125
    },
    "1": {
      "precision": 0.6119402985074627,
      "recall": 0.6029411764705882,
      "f1": 0.6074074074074074
    },
    "2": {
      "precision": 0.7692307692307693,
      "recall": 0.7216494845360825,
      "f1": 0.7446808510638298
    }
  },
  "confusion_matrix": [
    [
      130,
      25,
      1
    ],
    [
      34,
      82,
      20
    ],
    [
      0,
      27,
      70
    ]
  ]
}